"Resultat","Assemblage","Order.q","Method","Shadow_Min","Shadow_Mean","Shadow_Max"
"res_endo","old_leaf","Richness (q=0)","Extrapolation",13.831,17.015,20.28
"res_endo","old_leaf","Richness (q=0)","Observed",13.763,13.763,13.763
"res_endo","old_leaf","Richness (q=0)","Rarefaction",0.003,13.29,15.466
"res_endo","old_leaf","Shannon (q=1)","Extrapolation",0.662,0.662,0.662
"res_endo","old_leaf","Shannon (q=1)","Observed",0.662,0.662,0.662
"res_endo","old_leaf","Shannon (q=1)","Rarefaction",0.005,0.63,0.662
"res_endo","old_leaf","Simpson (q=2)","Extrapolation",0.249,0.249,0.249
"res_endo","old_leaf","Simpson (q=2)","Observed",0.249,0.249,0.249
"res_endo","old_leaf","Simpson (q=2)","Rarefaction",0.007,0.237,0.249
"res_endo","root","Richness (q=0)","Extrapolation",19.564,22.413,25.552
"res_endo","root","Richness (q=0)","Observed",19.564,19.564,19.564
"res_endo","root","Richness (q=0)","Rarefaction",0.001,14.475,19.209
"res_endo","root","Shannon (q=1)","Extrapolation",1.048,1.048,1.049
"res_endo","root","Shannon (q=1)","Observed",1.048,1.048,1.048
"res_endo","root","Shannon (q=1)","Rarefaction",0.001,1.007,1.048
"res_endo","root","Simpson (q=2)","Extrapolation",0.62,0.62,0.62
"res_endo","root","Simpson (q=2)","Observed",0.62,0.62,0.62
"res_endo","root","Simpson (q=2)","Rarefaction",0.002,0.597,0.62
"res_endo","young_leaf","Richness (q=0)","Extrapolation",12.088,19.808,24.633
"res_endo","young_leaf","Richness (q=0)","Observed",11.932,11.932,11.932
"res_endo","young_leaf","Richness (q=0)","Rarefaction",0.005,10.653,12.587
"res_endo","young_leaf","Shannon (q=1)","Extrapolation",0.981,0.982,0.982
"res_endo","young_leaf","Shannon (q=1)","Observed",0.981,0.981,0.981
"res_endo","young_leaf","Shannon (q=1)","Rarefaction",0.007,0.911,0.981
"res_endo","young_leaf","Simpson (q=2)","Extrapolation",0.318,0.318,0.318
"res_endo","young_leaf","Simpson (q=2)","Observed",0.318,0.318,0.318
"res_endo","young_leaf","Simpson (q=2)","Rarefaction",0.01,0.296,0.318
"res_epi","old_leaf","Richness (q=0)","Extrapolation",9.642,16.052,18.642
"res_epi","old_leaf","Richness (q=0)","Observed",9.171,9.171,9.171
"res_epi","old_leaf","Richness (q=0)","Rarefaction",0.003,7.725,9.577
"res_epi","old_leaf","Shannon (q=1)","Extrapolation",1.699,1.699,1.699
"res_epi","old_leaf","Shannon (q=1)","Observed",1.699,1.699,1.699
"res_epi","old_leaf","Shannon (q=1)","Rarefaction",0.004,1.556,1.699
"res_epi","old_leaf","Simpson (q=2)","Extrapolation",1.007,1.007,1.008
"res_epi","old_leaf","Simpson (q=2)","Observed",1.007,1.007,1.007
"res_epi","old_leaf","Simpson (q=2)","Rarefaction",0.006,0.924,1.007
"res_epi","root","Richness (q=0)","Extrapolation",9.429,10.859,12.837
"res_epi","root","Richness (q=0)","Observed",9.429,9.429,9.429
"res_epi","root","Richness (q=0)","Rarefaction",0.001,9.383,10.822
"res_epi","root","Shannon (q=1)","Extrapolation",1.864,1.864,1.864
"res_epi","root","Shannon (q=1)","Observed",1.864,1.864,1.864
"res_epi","root","Shannon (q=1)","Rarefaction",0.001,1.79,1.863
"res_epi","root","Simpson (q=2)","Extrapolation",1.322,1.322,1.322
"res_epi","root","Simpson (q=2)","Observed",1.322,1.322,1.322
"res_epi","root","Simpson (q=2)","Rarefaction",0.002,1.271,1.322
"res_epi","young_leaf","Richness (q=0)","Extrapolation",10.569,15.669,19.037
"res_epi","young_leaf","Richness (q=0)","Observed",10.574,10.574,10.574
"res_epi","young_leaf","Richness (q=0)","Rarefaction",0.002,10.688,12.769
"res_epi","young_leaf","Shannon (q=1)","Extrapolation",1.315,1.315,1.316
"res_epi","young_leaf","Shannon (q=1)","Observed",1.315,1.315,1.315
"res_epi","young_leaf","Shannon (q=1)","Rarefaction",0.002,1.212,1.314
"res_epi","young_leaf","Simpson (q=2)","Extrapolation",0.777,0.777,0.777
"res_epi","young_leaf","Simpson (q=2)","Observed",0.777,0.777,0.777
"res_epi","young_leaf","Simpson (q=2)","Rarefaction",0.003,0.717,0.777
"res_proj","LOT1","Richness (q=0)","Extrapolation",7.631,9.196,11.062
"res_proj","LOT1","Richness (q=0)","Observed",7.631,7.631,7.631
"res_proj","LOT1","Richness (q=0)","Rarefaction",0.002,6.668,7.496
"res_proj","LOT1","Shannon (q=1)","Extrapolation",0.938,0.938,0.938
"res_proj","LOT1","Shannon (q=1)","Observed",0.938,0.938,0.938
"res_proj","LOT1","Shannon (q=1)","Rarefaction",0.003,0.902,0.938
"res_proj","LOT1","Simpson (q=2)","Extrapolation",0.599,0.599,0.599
"res_proj","LOT1","Simpson (q=2)","Observed",0.599,0.599,0.599
"res_proj","LOT1","Simpson (q=2)","Rarefaction",0.004,0.576,0.599
"res_proj","LOT2","Richness (q=0)","Extrapolation",11.371,14.733,18.656
"res_proj","LOT2","Richness (q=0)","Observed",11.243,11.243,11.243
"res_proj","LOT2","Richness (q=0)","Rarefaction",0.001,9.427,11.165
"res_proj","LOT2","Shannon (q=1)","Extrapolation",0.621,0.621,0.621
"res_proj","LOT2","Shannon (q=1)","Observed",0.621,0.621,0.621
"res_proj","LOT2","Shannon (q=1)","Rarefaction",0.002,0.593,0.621
"res_proj","LOT2","Simpson (q=2)","Extrapolation",0.428,0.428,0.428
"res_proj","LOT2","Simpson (q=2)","Observed",0.428,0.428,0.428
"res_proj","LOT2","Simpson (q=2)","Rarefaction",0.003,0.409,0.428
"res_proj","LOT3","Richness (q=0)","Extrapolation",11.45,14.935,18.591
"res_proj","LOT3","Richness (q=0)","Observed",11.412,11.412,11.412
"res_proj","LOT3","Richness (q=0)","Rarefaction",0.001,10.562,11.544
"res_proj","LOT3","Shannon (q=1)","Extrapolation",0.699,0.699,0.699
"res_proj","LOT3","Shannon (q=1)","Observed",0.699,0.699,0.699
"res_proj","LOT3","Shannon (q=1)","Rarefaction",0.002,0.664,0.699
"res_proj","LOT3","Simpson (q=2)","Extrapolation",0.323,0.323,0.323
"res_proj","LOT3","Simpson (q=2)","Observed",0.323,0.323,0.323
"res_proj","LOT3","Simpson (q=2)","Rarefaction",0.002,0.307,0.323
