LOT-SampleCode;TreeZone
LOT02-18689;6
LOT02-18423;4
LOT02-18596;5
LOT02-456146;6
LOT02-45542;5
LOT02-45641;6
LOT02-21510;5
LOT02-18411;4
LOT02-18521;5
LOT02-18657;6
LOT02-18654;6
LOT02-18247;2
LOT02-213117;3
LOT02-18596;5
LOT02-45539;5
LOT02-45539;5
LOT02-455148;5
LOT02-455148;5
LOT02-18513;5
LOT02-455113;5
LOT02-45538;5
LOT02-45537;5
LOT02-18689;6
LOT02-455110;5
LOT01-34731;0
LOT01-3473;0
LOT01-34691;0
LOT01-34331;0
LOT01-34332;0
LOT01-34761;0
LOT01-34402;0
LOT01-34401;0
LOT03-455113;5
LOT03-45598;5
LOT03-45598;5
LOT03-45598;5
LOT03-455112;5
LOT03-455112;5
LOT03-455113;5
LOT03-455113;5
LOT03-455112;5
LOT01-34322;0
LOT01-34321;0
LOT01-34012;0
LOT01-34011;0
LOT03-21649;6
LOT03-21649;6
LOT03-210146;0
LOT03-210146;0
LOT03-210146;0
LOT03-45574;5
LOT03-456361;6
LOT03-455345;5
LOT03-456398;6
LOT03-456367;6
LOT02-18577;5
LOT02-18478;4
LOT02-18462;4
LOT02-213118;3
LOT02-213101;3
LOT02-213103;3
LOT02-213116;3
LOT02-21368;3
LOT02-45440;4
LOT02-214136;4
LOT02-21514;5
LOT02-45456;4
LOT02-45440;4
LOT02-455109;5
LOT02-453188;3
LOT02-453188;3
LOT01-34551;0
LOT03-45559;5
LOT03-45557;5
LOT03-45414;4
LOT03-45430;4
LOT03-45464;4
LOT03-45464;4
LOT03-45436;4
LOT03-45559;5
LOT03-455331;5
LOT03-45406;4
LOT03-455379;5
LOT03-45406;4
LOT03-455353;5
LOT03-45570;5
LOT03-455133;5
LOT03-455133;5
LOT03-455133;5
LOT03-455323;5
LOT03-455325;5
LOT03-45438;4
LOT03-45406;4
LOT03-21452;4
LOT01-34391;0
LOT01-34392;0
LOT03-212251;2
LOT03-212251;2
LOT03-21235;2
LOT03-21233;2
LOT03-21233;2
LOT03-21235;2
LOT03-45594;5
LOT03-45594;5
LOT03-21440;4
LOT03-21440;4
LOT01-34752;0
LOT01-34751;0
LOT01-34461;0
LOT01-34462;0
LOT01-34451;0
LOT01-34202;0
LOT01-34201;0
LOT01-34452;0
LOT01-3445;0
LOT01-34771;0
LOT01-34471;0
LOT01-34772;0
LOT01-34232;0
LOT01-34231;0
LOT02-213131;3
LOT02-213130;3
LOT02-452142;2
LOT02-452142;2
LOT02-452142;2
LOT02-452142;2
LOT01-34432;0
LOT01-34431;0
LOT03-455108;5
LOT03-455108;5
LOT03-215144;5
LOT03-214223;4
LOT03-45493;4
LOT03-216205;6
LOT03-45493;4
LOT03-216201;6
LOT03-455108;5
LOT03-456366;6
LOT03-214255;4
LOT03-215238;5
LOT03-214140;4
LOT03-214140;4
LOT03-21476;4
LOT03-214140;4
LOT03-214255;4
LOT03-215235;5
LOT03-215202;5
LOT03-21457;4
LOT03-215145;5
LOT03-456122;6
LOT03-456122;6
LOT03-21636;6
LOT03-456122;6
LOT03-456408;6
LOT03-456381;6
LOT03-454106;4
LOT03-454106;4
LOT03-455338;5
LOT01-34531;0
LOT01-34501;0
LOT02-452182;2
LOT02-21367;3
LOT02-455105;5
LOT01-34561;0
LOT01-34562;0
LOT02-18556;5
LOT02-18685;6
LOT02-18633;6
LOT02-18631;6
LOT02-18637;6
LOT02-18599;5
LOT02-18587;5
LOT02-18651;6
LOT02-18661;6
LOT02-18566;5
LOT02-18672;6
LOT02-18598;5
LOT02-18407;4
LOT02-213104;3
LOT02-18520;5
LOT02-18462;4
LOT02-18697;6
LOT02-18510;5
LOT02-18694;6
LOT02-21560;5
LOT02-45612;6
LOT02-45511;5
LOT03-456139;6
LOT03-456139;6
LOT02-18685;6
LOT02-18689;6
LOT02-18586;5
LOT02-455154;5
LOT02-451139;1
LOT02-453181;3
LOT02-455128;5
LOT02-455128;5
LOT01-34801;0
LOT01-34802;0
LOT01-34612;0
LOT01-34611;0
LOT01-34132;0
LOT01-34131;0
LOT01-34281;0
LOT01-3428;0
LOT03-21468;4
LOT03-21467;4
LOT03-21467;4
LOT03-455126;5
LOT01-34031;0
LOT02-453186;3
LOT02-453186;3
LOT03-21466;4
LOT03-21466;4
LOT03-21466;4
LOT03-216204;6
LOT03-215206;5
LOT03-215206;5
LOT01-34081;0
LOT03-45501;5
LOT03-45501;5
LOT03-45501;5
LOT03-21587;5
LOT03-21563;5
LOT03-21643;6
LOT03-456140;6
LOT03-456131;6
LOT03-456100;6
LOT03-456131;6
LOT03-456131;6
LOT03-456100;6
LOT03-456140;6
LOT03-456100;6
LOT03-21643;6
LOT03-456131;6
LOT03-21554;5
LOT03-456402;6
LOT03-456433;6
LOT03-456405;6
LOT03-45685;6
LOT03-21647;6
LOT03-21647;6
LOT03-456147;6
LOT03-456147;6
LOT03-06599;5
LOT03-06697;6
LOT03-065125;5
LOT03-065125;5
LOT03-064123;4
LOT03-064138;4
LOT03-065125;5
LOT03-064138;4
LOT03-065125;5
LOT03-065125;5
LOT03-064138;4
LOT03-064123;4
LOT03-064123;4
LOT03-064123;4
LOT03-064123;4
LOT03-064138;4
LOT03-064138;4
LOT03-065152;5
LOT03-065152;5
LOT03-065152;5
LOT03-06556;5
LOT03-065152;5
LOT03-065136;5
LOT03-065136;5
LOT03-06174;1
LOT03-06174;1
LOT03-06174;1
LOT03-06548;5
LOT03-06548;5
LOT03-21472;4
LOT03-454116;4
LOT03-21472;4
LOT03-21472;4
LOT03-455309;5
LOT03-21573;5
LOT03-455377;5
LOT03-455109;5
LOT03-455109;5
LOT03-455109;5
LOT03-455304;5
LOT03-45437;4
LOT03-45463;4
LOT03-45463;4
LOT03-455387;5
LOT03-215228;5
LOT03-214252;4
LOT03-214219;4
LOT03-214252;4
LOT03-21497;4
LOT03-45575;5
LOT03-455125;5
LOT03-455125;5
LOT03-454335;4
LOT03-215200;5
LOT03-455344;5
LOT02-451180;1
LOT02-451180;1
LOT02-451180;1
LOT02-451180;1
LOT01-34121;0
LOT01-34122;0
LOT01-34341;0
LOT01-34342;0
LOT01-34162;0
LOT01-34161;0
LOT01-3434;0
LOT03-21689;6
LOT03-06685;6
LOT03-06637;6
LOT03-06698;6
LOT03-06696;6
LOT03-064109;4
LOT03-065140;5
LOT03-065140;5
LOT03-06488;4
LOT03-065140;5
LOT03-06522;5
LOT03-065140;5
LOT03-06470;4
LOT03-065140;5
LOT03-06522;5
LOT03-06522;5
LOT03-06522;5
LOT03-06522;5
LOT03-06522;5
LOT01-34061;0
LOT01-34062;0
LOT01-34262;0
LOT01-34261;0
LOT03-45452;4
LOT03-45452;4
LOT03-45420;4
LOT03-45415;4
LOT03-455104;5
LOT03-455104;5
LOT03-455104;5
LOT03-21494;4
LOT03-45435;4
LOT03-45420;4
LOT03-45420;4
LOT03-45403;4
LOT03-45448;4
LOT03-45403;4
LOT03-455104;5
LOT03-21580;5
LOT03-45403;4
LOT03-454443;4
LOT03-456365;6
LOT02-455161;5
LOT03-064130;4
LOT03-064130;4
LOT03-064130;4
LOT03-064139;4
LOT03-064130;4
LOT03-061142;1
LOT03-061142;1
LOT03-061142;1
LOT03-061142;1
LOT03-061142;1
LOT03-214203;4
LOT03-215241;5
LOT03-45577;5
LOT03-21530;5
LOT03-214120;4
LOT03-215241;5
LOT03-45417;4
LOT03-454303;4
LOT03-45417;4
LOT03-214120;4
LOT03-21530;5
LOT03-214120;4
LOT03-21530;5
LOT03-45417;4
LOT03-45423;4
LOT02-450116;0
LOT02-454166;4
LOT02-454165;4
LOT02-451178;1
LOT02-451176;1
LOT02-455127;5
LOT02-455127;5
LOT02-213124;3
LOT02-213114;3
LOT02-18495;4
LOT02-18440;4
LOT02-10536;5
LOT02-18599;5
LOT02-21542;5
LOT02-45695;6
LOT02-45499;4
LOT03-21579;5
LOT01-34841;0
LOT01-34851;0
LOT02-455101;5
LOT02-21510;5
LOT02-456150;6
LOT02-18627;6
LOT02-18625;6
LOT02-18577;5
LOT02-16506;5
LOT02-455150;5
LOT02-45698;6
LOT02-45697;6
LOT02-451136;1
LOT01-34521;0
LOT03-214254;4
LOT03-214254;4
LOT03-214254;4
LOT03-064119;4
LOT03-064119;4
LOT03-06401;4
LOT03-064119;4
LOT03-06411;4
LOT03-064110;4
LOT03-064119;4
LOT03-064119;4
LOT03-06479;4
LOT03-064119;4
LOT03-06467;4
LOT03-06403;4
LOT03-06463;4
LOT03-06459;4
LOT03-06459;4
LOT03-06426;4
LOT03-06542;5
LOT03-06542;5
LOT03-06403;4
LOT03-06542;5
LOT03-066106;6
LOT03-066107;6
LOT03-066106;6
LOT03-066107;6
LOT03-066106;6
LOT03-066106;6
LOT03-066107;6
LOT03-06555;5
LOT03-064111;4
LOT03-065114;5
LOT03-06462;4
LOT03-065114;5
LOT03-065114;5
LOT03-065124;5
LOT03-065124;5
LOT03-06519;5
LOT03-065124;5
LOT03-06521;5
LOT03-065108;5
LOT03-065124;5
LOT03-06468;4
LOT03-065108;5
LOT03-065114;5
LOT03-065108;5
LOT03-06431;4
LOT03-065114;5
LOT03-064120;4
LOT03-06557;5
LOT03-06553;5
LOT03-06553;5
LOT03-06551;5
LOT03-06550;5
LOT03-06550;5
LOT03-065124;5
LOT03-064120;4
LOT03-064120;4
LOT03-064120;4
LOT03-06488;4
LOT03-06524;5
LOT03-064120;4
LOT03-06546;5
LOT03-06546;5
LOT03-06415;4
LOT03-06415;4
LOT03-06415;4
LOT03-06546;5
LOT03-06178;1
LOT03-06178;1
LOT03-06517;5
LOT03-064141;4
LOT03-06517;5
LOT03-065112;5
LOT03-06517;5
LOT03-06517;5
LOT03-065112;5
LOT03-065112;5
LOT03-065112;5
LOT03-064141;4
LOT03-065112;5
LOT03-06404;4
LOT02-18682;6
LOT02-21183;1
LOT02-213125;3
LOT02-45536;5
LOT03-455328;5
LOT03-45416;4
LOT03-45424;4
LOT03-45432;4
LOT03-21495;4
LOT03-45424;4
LOT03-45432;4
LOT03-45443;4
LOT03-455340;5
LOT03-21629;6
LOT03-21629;6
LOT03-21629;6
LOT02-18520;5
LOT02-18504;5
LOT02-18409;4
LOT02-18521;5
LOT02-18495;4
LOT02-18591;5
LOT02-18631;6
LOT02-18599;5
LOT02-45435;4
LOT02-45534;5
LOT02-21447;4
LOT02-455107;5
LOT02-18685;6
LOT02-213115;3
LOT02-18599;5
LOT02-21446;4
LOT02-45433;4
LOT02-45433;4
LOT01-34191;0
LOT02-45628;6
LOT02-45628;6
LOT02-455167;5
LOT02-455167;5
LOT02-18598;5
LOT02-18599;5
LOT02-18596;5
LOT02-21184;1
LOT02-21617;6
LOT02-455162;5
LOT02-18586;5
LOT02-18592;5
LOT02-18693;6
LOT02-18689;6
LOT02-18652;6
LOT02-21024;0
LOT02-45632;6
LOT02-21561;5
LOT02-45632;6
LOT02-21604;6
LOT02-45632;6
LOT03-21639;6
LOT03-21639;6
LOT03-456143;6
LOT03-456143;6
LOT02-45583;5
LOT02-455147;5
LOT01-34181;0
LOT01-34182;0
LOT02-455124;5
LOT02-455124;5
LOT01-34171;0
LOT01-34172;0
LOT01-34072;0
LOT01-34071;0
LOT02-455160;5
LOT02-16505;5
LOT02-45552;5
LOT02-45553;5
LOT03-45410;4
LOT03-45445;4
LOT03-455359;5
LOT03-455330;5
LOT03-45579;5
LOT03-45445;4
LOT03-45410;4
LOT03-45440;4
LOT03-454114;4
LOT03-454114;4
LOT03-455337;5
LOT02-451125;1
LOT02-212132;2
LOT01-34642;0
LOT01-34641;0
LOT03-455310;5
LOT03-45467;4
LOT03-455115;5
LOT03-45568;5
LOT03-45467;4
LOT03-45502;5
LOT03-45502;5
LOT03-455115;5
LOT03-455115;5
LOT03-45418;4
LOT03-45418;4
LOT01-34821;0
LOT01-34701;0
LOT01-34702;0
LOT02-18580;5
LOT02-18513;5
LOT02-18630;6
LOT02-18685;6
LOT02-18648;6
LOT02-18636;6
LOT02-45662;6
LOT02-45461;4
LOT02-18652;6
LOT02-18661;6
LOT02-18649;6
LOT02-18411;4
LOT02-18682;6
LOT02-18649;6
LOT02-18501;5
LOT02-18630;6
LOT02-18693;6
LOT02-18469;4
LOT02-45664;6
LOT02-45563;5
LOT02-45465;4
LOT02-45465;4
LOT02-45589;5
LOT02-18632;6
LOT02-18636;6
LOT02-18672;6
LOT02-18693;6
LOT02-18469;4
LOT02-18648;6
LOT02-45669;6
LOT02-45468;4
LOT01-34022;0
LOT01-34021;0
LOT03-065134;5
LOT03-065113;5
LOT03-065134;5
LOT03-065101;5
LOT03-065101;5
LOT03-065134;5
LOT03-06486;4
LOT03-065134;5
LOT03-06486;4
LOT03-065134;5
LOT03-065134;5
LOT03-06427;4
LOT03-06486;4
LOT03-06486;4
LOT03-06486;4
LOT03-06486;4
LOT03-06427;4
LOT03-064131;4
LOT03-064131;4
LOT03-064131;4
LOT03-064131;4
LOT03-064131;4
LOT03-064131;4
LOT03-06547;5
LOT03-06469;4
LOT03-065117;5
LOT03-064144;4
LOT03-064144;4
LOT03-065100;5
LOT03-065100;5
LOT03-06543;5
LOT03-065117;5
LOT03-064144;4
LOT03-06547;5
LOT03-065117;5
LOT03-065100;5
LOT03-06547;5
LOT03-064118;4
LOT03-064118;4
LOT03-06495;4
LOT03-06547;5
LOT03-065126;5
LOT03-065126;5
LOT03-06543;5
LOT03-065126;5
LOT03-065126;5
LOT03-065126;5
LOT03-065126;5
LOT03-065104;5
LOT03-065104;5
LOT03-06543;5
LOT03-06172;1
LOT03-06172;1
LOT03-06172;1
LOT02-455171;5
LOT02-455171;5
LOT03-06410;4
LOT03-06461;4
LOT03-06490;4
LOT03-06490;4
LOT03-06490;4
LOT03-06433;4
LOT03-064132;4
LOT03-06490;4
LOT03-06410;4
LOT03-064132;4
LOT03-06410;4
LOT03-06493;4
LOT03-06493;4
LOT03-064132;4
LOT03-064132;4
LOT03-06490;4
LOT03-06525;5
LOT03-064132;4
LOT03-06466;4
LOT03-065103;5
LOT03-06405;4
LOT03-06405;4
LOT03-06481;4
LOT03-064132;4
LOT03-06493;4
LOT03-06409;4
LOT03-21474;4
LOT03-21474;4
LOT03-21474;4
LOT03-21475;4
LOT03-455347;5
LOT03-456417;6
LOT03-456421;6
LOT03-456444;6
LOT03-456415;6
LOT03-456406;6
LOT03-456427;6
LOT03-45687;6
LOT03-45687;6
LOT03-45687;6
LOT03-45687;6
LOT03-456369;6
LOT03-456390;6
LOT03-456431;6
LOT03-456394;6
LOT03-215118;5
LOT03-215118;5
LOT03-215118;5
LOT03-456370;6
LOT01-34352;0
LOT01-34351;0
LOT02-451173;1
LOT02-451173;1
LOT02-451175;1
LOT02-21186;1
LOT02-450118;0
LOT02-21293;2
LOT02-450117;0
LOT02-452183;2
LOT01-3459;0
LOT01-34591;0
LOT01-34781;0
LOT01-34782;0
LOT03-21496;4
LOT03-45560;5
LOT03-21496;4
LOT03-21496;4
LOT03-45560;5
LOT03-454336;4
LOT03-216213;6
LOT03-45560;5
LOT03-455376;5
LOT03-216213;6
LOT02-211128;1
LOT02-451138;1
LOT01-34921;0
LOT01-34931;0
LOT02-18504;5
LOT02-18579;5
LOT02-18516;5
LOT02-18550;5
LOT02-213119;3
LOT02-21398;3
LOT02-45455;4
LOT02-45455;4
LOT02-21572;5
LOT02-45455;4
LOT02-18631;6
LOT02-45647;6
LOT02-45647;6
LOT02-453187;3
LOT02-453187;3
LOT03-216208;6
LOT03-216208;6
LOT02-452189;2
LOT02-18495;4
LOT02-456153;6
LOT01-3479;0
LOT01-34791;0
LOT02-45603;6
LOT02-18668;6
LOT02-18694;6
LOT02-18563;5
LOT02-18673;6
LOT02-18495;4
LOT02-18697;6
LOT02-18558;5
LOT02-18556;5
LOT02-18504;5
LOT02-18516;5
LOT02-18522;5
LOT02-18547;5
LOT02-18545;5
LOT02-18518;5
LOT02-18689;6
LOT02-18682;6
LOT02-18591;5
LOT02-18633;6
LOT02-18423;4
LOT02-18626;6
LOT02-18651;6
LOT02-18587;5
LOT02-18657;6
LOT02-18649;6
LOT02-18598;5
LOT02-18584;5
LOT02-18581;5
LOT02-18685;6
LOT02-18580;5
LOT02-18648;6
LOT02-18590;5
LOT02-18625;6
LOT02-18502;5
LOT02-18629;6
LOT02-18565;5
LOT02-18632;6
LOT02-18566;5
LOT02-18630;6
LOT02-18639;6
LOT02-18628;6
LOT02-18577;5
LOT02-18627;6
LOT02-18579;5
LOT02-18631;6
LOT02-455111;5
LOT02-455112;5
LOT02-21650;6
LOT02-45601;6
LOT02-45443;4
LOT02-45601;6
LOT02-21557;5
LOT02-45602;6
LOT02-21636;6
LOT02-21510;5
LOT02-455112;5
LOT02-211129;1
LOT02-213122;3
LOT02-18471;4
LOT02-213135;3
LOT02-213108;3
LOT02-18440;4
LOT02-212110;2
LOT02-21445;4
LOT02-45446;4
LOT02-21370;3
LOT02-45446;4
LOT02-456149;6
LOT02-456149;6
LOT02-456158;6
LOT02-456158;6
LOT02-18670;6
LOT02-10538;5
LOT02-18558;5
LOT02-18630;6
LOT02-18676;6
LOT02-18516;5
LOT02-18411;4
LOT02-18580;5
LOT02-18672;6
LOT02-18563;5
LOT02-21540;5
LOT02-45604;6
LOT02-45605;6
LOT02-21510;5
LOT02-21516;5
LOT02-21502;5
LOT01-34911;0
LOT02-18495;4
LOT02-45559;5
LOT02-45654;6
LOT02-451177;1
LOT02-18639;6
LOT02-18577;5
LOT02-18579;5
LOT02-18591;5
LOT02-18597;5
LOT02-18592;5
LOT02-18651;6
LOT02-18587;5
LOT02-18689;6
LOT02-18598;5
LOT02-21292;2
LOT02-21556;5
LOT02-45608;6
LOT02-45609;6
LOT02-18579;5
LOT02-21185;1
LOT02-45544;5
LOT03-21561;5
LOT03-21561;5
LOT03-216230;6
LOT03-216230;6
LOT03-214233;4
LOT03-45578;5
LOT03-455111;5
LOT03-455111;5
LOT03-45578;5
LOT03-45595;5
LOT03-214226;4
LOT03-45429;4
LOT03-455351;5
LOT03-455333;5
LOT03-456425;6
LOT02-45410;4
LOT03-066153;6
LOT03-066153;6
LOT03-06638;6
LOT03-06638;6
LOT03-06684;6
LOT03-06684;6
LOT03-06684;6
LOT03-06638;6
LOT03-06684;6
LOT02-10448;4
LOT02-45490;4
LOT02-451131;1
LOT01-34491;0
LOT01-34492;0
LOT02-455135;5
LOT02-45591;5
LOT03-45465;4
LOT03-21456;4
LOT03-45465;4
LOT03-21469;4
LOT03-21453;4
LOT03-21453;4
LOT03-21453;4
LOT03-45465;4
LOT03-06558;5
LOT03-06558;5
LOT03-06558;5
LOT03-064150;4
LOT03-064150;4
LOT03-06696;6
LOT03-06691;6
LOT03-06432;4
LOT03-06536;5
LOT03-06530;5
LOT03-06520;5
LOT03-06541;5
LOT03-066137;6
LOT03-066137;6
LOT03-066137;6
LOT03-066137;6
LOT03-066137;6
LOT03-066137;6
LOT03-065102;5
LOT03-065102;5
LOT02-455122;5
LOT02-453130;3
LOT02-453130;3
LOT03-211244;1
LOT01-34442;0
LOT01-34441;0
LOT03-211246;1
LOT03-16513;5
LOT03-16513;5
LOT02-451179;1
LOT02-16505;5
LOT02-18438;4
LOT02-18503;5
LOT02-18513;5
LOT02-18685;6
LOT02-18591;5
LOT02-18504;5
LOT02-18579;5
LOT02-18654;6
LOT02-18692;6
LOT02-21510;5
LOT02-21506;5
LOT02-45650;6
LOT02-45549;5
LOT02-21541;5
LOT02-21399;3
LOT02-16505;5
LOT02-455121;5
LOT02-18495;4
LOT02-18596;5
LOT02-18689;6
LOT02-18584;5
LOT02-18694;6
LOT02-45524;5
LOT02-455132;5
LOT02-455132;5
LOT03-21684;6
LOT03-216214;6
LOT03-45489;4
LOT03-21578;5
LOT03-456413;6
LOT03-45699;6
LOT03-45699;6
LOT03-45699;6
LOT03-45699;6
LOT03-216207;6
LOT03-216207;6
LOT03-21570;5
LOT03-21570;5
LOT03-21570;5
LOT03-21691;6
LOT03-21691;6
LOT02-450115;0
LOT02-455157;5
LOT02-21652;6
LOT02-455157;5
LOT02-455157;5
LOT02-455157;5
LOT03-454302;4
LOT03-215229;5
LOT03-215227;5
LOT03-215225;5
LOT03-455355;5
LOT03-455322;5
LOT03-455307;5
LOT03-45449;4
LOT03-45449;4
LOT03-214218;4
LOT03-214234;4
LOT03-45408;4
LOT03-214253;4
LOT03-21498;4
LOT03-21498;4
LOT03-45449;4
LOT03-45428;4
LOT03-45428;4
LOT03-45408;4
LOT03-214215;4
LOT01-34311;0
LOT01-34312;0
LOT03-216256;6
LOT03-216256;6
LOT03-21692;6
LOT03-45450;4
LOT03-45450;4
LOT03-216209;6
LOT03-216209;6
LOT03-21445;4
LOT03-21558;5
LOT03-21445;4
LOT03-455383;5
LOT03-456123;6
LOT03-216212;6
LOT03-456123;6
LOT03-456123;6
LOT03-456123;6
LOT03-216212;6
LOT03-456397;6
LOT03-06402;4
LOT03-06412;4
LOT03-064121;4
LOT03-064121;4
LOT03-064121;4
LOT03-064121;4
LOT03-064121;4
LOT03-06402;4
LOT03-06418;4
LOT03-064121;4
LOT03-06175;1
LOT03-06175;1
LOT03-06175;1
LOT03-06487;4
LOT03-06487;4
LOT03-06545;5
LOT03-064116;4
LOT03-06487;4
LOT03-06516;5
LOT03-06487;4
LOT03-064128;4
LOT03-064116;4
LOT03-06549;5
LOT03-06487;4
LOT03-064128;4
LOT03-064128;4
LOT03-064128;4
LOT03-064128;4
LOT03-06549;5
LOT03-06487;4
LOT03-06406;4
LOT01-34422;0
LOT01-34421;0
LOT01-34211;0
LOT01-34662;0
LOT01-34661;0
LOT03-21564;5
LOT03-21564;5
LOT03-21564;5
LOT03-21585;5
LOT03-45558;5
LOT03-45571;5
LOT03-455308;5
LOT03-455324;5
LOT03-455329;5
LOT03-455352;5
LOT03-455356;5
LOT03-21550;5
LOT03-455357;5
LOT03-455384;5
LOT03-455410;5
LOT03-215231;5
LOT03-45556;5
LOT03-45556;5
LOT03-215231;5
LOT03-455348;5
LOT03-45571;5
LOT03-21651;6
LOT03-456315;6
LOT03-454300;4
LOT03-456440;6
LOT03-456401;6
LOT03-45686;6
LOT03-456392;6
LOT03-45686;6
LOT03-456382;6
LOT03-456374;6
LOT03-455319;5
LOT03-45562;5
LOT03-455332;5
LOT03-455354;5
LOT03-455326;5
LOT03-45562;5
LOT03-455321;5
LOT03-455380;5
LOT03-45555;5
LOT03-455409;5
LOT03-45555;5
LOT03-456306;6
LOT03-456313;6
LOT03-456422;6
LOT03-456432;6
LOT03-45683;6
LOT03-456373;6
LOT03-456424;6
LOT03-45683;6
LOT03-455341;5
LOT03-456396;6
LOT03-456388;6
LOT03-21586;5
LOT03-455127;5
LOT03-45580;5
LOT03-45434;4
LOT03-21655;6
LOT03-455127;5
LOT03-456314;6
LOT03-456416;6
LOT03-456400;6
LOT03-456393;6
LOT03-455342;5
LOT02-211133;1
LOT02-451137;1
LOT01-34652;0
LOT01-34651;0
LOT02-453170;3
LOT02-453170;3
LOT02-453129;3
LOT02-453129;3
LOT03-21442;4
LOT03-214142;4
LOT03-214143;4
LOT01-34051;0
LOT01-34052;0
LOT03-21444;4
LOT03-21444;4
LOT03-45407;4
LOT03-45407;4
LOT03-45422;4
LOT03-21441;4
LOT03-45413;4
LOT03-45422;4
LOT03-45433;4
LOT03-454350;4
LOT03-21441;4
LOT01-34542;0
LOT01-34101;0
LOT01-34102;0
LOT01-34541;0
LOT01-34871;0
LOT02-45586;5
LOT01-34881;0
LOT02-18438;4
LOT02-18519;5
LOT02-211134;1
LOT02-213106;3
LOT02-18651;6
LOT02-18654;6
LOT02-45560;5
LOT02-45560;5
LOT02-45560;5
LOT02-45560;5
LOT02-18641;6
LOT02-18558;5
LOT02-18475;4
LOT02-45484;4
LOT02-45485;4
LOT02-45485;4
LOT01-34041;0
LOT01-34251;0
LOT01-34242;0
LOT01-34252;0
LOT01-34241;0
LOT03-45466;4
LOT03-45466;4
LOT03-45466;4
LOT01-34412;0
LOT01-34411;0
LOT01-34632;0
LOT01-34631;0
LOT01-34891;0
LOT01-34901;0
LOT01-34112;0
LOT01-34111;0
LOT02-455104;5
LOT01-34511;0
LOT02-18440;4
LOT02-213113;3
LOT02-454103;4
LOT03-21471;4
LOT03-21471;4
LOT01-34741;0
LOT01-34941;0
LOT03-21427;4
LOT03-21427;4
LOT03-45681;6
LOT03-45681;6
LOT02-456159;6
LOT03-214147;4
LOT03-21499;4
LOT03-21499;4
LOT02-451174;1
LOT02-451174;1
LOT02-212126;2
LOT03-21234;2
LOT03-214121;4
LOT03-214121;4
LOT03-214137;4
LOT03-214137;4
LOT03-214137;4
LOT02-18545;5
LOT02-18581;5
LOT02-18519;5
LOT02-18501;5
LOT02-21562;5
LOT02-45507;5
LOT02-45606;6
LOT03-456146;6
LOT03-456146;6
LOT03-456135;6
LOT02-45448;4
LOT02-45448;4
LOT02-45657;6
LOT02-45657;6
LOT01-34381;0
LOT01-3438;0
LOT01-34091;0
LOT02-456190;6
LOT02-45630;6
LOT02-45529;5
LOT01-34721;0
LOT01-3472;0
LOT02-456119;6
LOT02-18599;5
LOT02-453145;3
LOT02-455102;5
LOT02-212127;2
LOT02-18682;6
LOT02-10513;5
LOT02-45596;5
LOT02-21397;3
LOT01-34601;0
LOT01-34602;0
LOT02-45673;6
LOT02-18633;6
LOT02-18692;6
LOT02-18694;6
LOT02-18659;6
LOT02-18682;6
LOT02-18649;6
LOT02-45567;5
LOT02-45466;4
LOT02-21563;5
LOT02-18588;5
LOT02-18693;6
LOT02-18586;5
LOT02-45677;6
LOT02-45676;6
LOT02-456191;6
LOT02-18592;5
LOT02-45581;5
LOT02-45579;5
LOT02-45578;5
LOT03-21559;5
LOT03-21565;5
LOT03-215221;5
LOT03-21646;6
LOT03-456138;6
LOT03-456138;6
LOT03-455317;5
LOT03-456363;6
LOT01-34671;0
LOT03-455343;5
LOT03-45688;6
LOT02-18626;6
LOT02-45574;5
LOT02-45574;5
LOT02-45572;5
LOT02-45572;5
LOT03-456101;6
LOT03-456101;6
LOT03-21560;5
LOT03-456101;6
LOT03-456101;6
LOT03-21588;5
LOT03-456107;6
LOT03-456107;6
LOT03-456407;6
LOT03-456107;6
LOT03-456414;6
LOT03-456372;6
LOT03-456132;6
LOT03-456132;6
LOT03-21682;6
LOT03-21681;6
LOT03-456430;6
LOT03-45684;6
LOT03-456418;6
LOT03-216247;6
LOT03-216247;6
LOT03-456141;6
LOT03-456141;6
LOT03-45554;5
LOT03-45554;5
LOT03-45554;5
LOT03-45554;5
LOT02-18584;5
LOT02-18592;5
LOT02-18599;5
LOT02-18587;5
LOT02-18520;5
LOT02-18689;6
LOT02-18521;5
LOT02-21617;6
LOT02-21502;5
LOT02-45445;4
LOT02-45445;4
LOT03-21537;5
LOT03-21537;5
LOT03-216240;6
LOT03-216240;6
LOT03-216210;6
LOT03-456128;6
LOT03-456128;6
LOT03-456128;6
LOT03-456312;6
LOT03-456412;6
LOT03-456435;6
LOT03-456439;6
LOT03-456441;6
LOT03-456445;6
LOT03-456404;6
LOT03-456403;6
LOT03-456434;6
LOT03-456364;6
LOT03-45682;6
LOT03-45682;6
LOT03-456389;6
LOT03-456395;6
LOT03-456428;6
LOT03-456371;6
LOT02-456106;6
LOT03-215119;5
LOT03-215119;5
LOT03-214211;4
LOT03-214211;4
LOT02-213123;3
LOT02-453144;3
LOT02-453144;3
LOT03-45490;4
LOT03-45490;4
LOT03-21538;5
LOT03-21538;5
LOT02-455172;5
LOT01-34711;0
LOT03-06429;4
LOT03-06429;4
LOT03-06429;4
LOT03-16513;5
LOT03-16513;5
LOT01-34221;0
LOT03-214216;4
LOT03-214216;4
LOT03-45576;5
LOT02-452141;2
LOT02-452141;2
LOT02-45658;6
LOT01-34291;0
LOT01-34292;0
LOT01-34151;0
LOT01-34621;0
LOT01-34572;0
LOT01-34571;0
LOT03-45446;4
LOT03-45439;4
LOT03-214141;4
LOT03-45446;4
LOT03-45439;4
LOT03-214232;4
LOT03-214232;4
LOT03-45573;5
LOT03-215236;5
LOT03-215243;5
LOT03-455110;5
LOT03-455110;5
LOT03-454301;4
LOT03-45553;5
LOT03-455386;5
LOT03-455378;5
LOT03-215236;5
LOT03-45553;5
LOT03-455110;5
LOT03-45553;5
LOT03-215243;5
LOT03-455349;5
LOT03-45572;5
LOT03-455442;5
LOT03-456438;6
LOT02-18583;5
LOT02-18438;4
LOT02-18545;5
LOT02-18591;5
LOT02-18462;4
LOT02-18670;6
LOT02-18519;5
LOT03-456375;6
LOT02-18501;5
LOT02-18581;5
LOT02-18599;5
LOT03-456362;6
LOT02-18563;5
LOT02-18682;6
LOT02-18495;4
LOT02-45588;5
LOT02-45587;5
LOT02-21516;5
LOT03-456420;6
LOT02-10502;5
LOT02-18592;5
LOT02-18652;6
LOT02-18659;6
LOT02-455100;5
LOT02-452143;2
LOT03-45447;4
LOT03-455327;5
LOT03-45492;4
LOT03-45492;4
LOT03-45561;5
LOT03-455305;5
LOT03-215242;5
LOT03-454311;4
LOT03-455358;5
LOT03-214217;4
LOT03-45569;5
LOT03-455385;5
LOT03-455411;5
LOT03-45444;4
LOT03-45405;4
LOT03-45421;4
LOT03-45419;4
LOT03-45412;4
LOT03-45431;4
LOT03-45451;4
LOT03-45421;4
LOT03-45405;4
LOT03-214249;4
LOT03-45492;4
LOT03-45492;4
LOT03-456316;6
LOT03-456446;6
LOT03-455339;5
LOT03-456368;6
LOT03-455346;5
LOT03-455334;5
LOT03-455318;5
LOT03-456426;6
LOT02-18475;4
LOT02-18474;4
LOT02-18522;5
LOT02-18590;5
LOT02-18654;6
LOT02-16505;5
LOT02-21181;1
LOT02-18511;5
LOT02-455108;5
LOT02-45415;4
LOT02-36605;6
LOT02-45415;4
LOT02-454126;4
LOT02-455108;5
LOT02-455108;5
LOT02-454126;4
LOT02-21502;5
LOT02-45625;6
LOT02-45415;4
LOT02-455108;5
LOT03-215237;5
LOT03-216250;6
LOT03-456144;6
LOT03-456144;6
LOT03-456145;6
LOT03-456145;6
LOT02-18474;4
LOT02-10511;5
LOT02-18654;6
LOT02-18469;4
LOT02-212111;2
LOT02-18522;5
LOT02-213120;3
LOT02-18577;5
LOT02-18693;6
LOT02-21178;1
LOT02-18580;5
LOT02-21503;5
LOT02-45520;5
LOT02-45520;5
LOT02-21516;5
LOT02-21369;3
LOT02-18648;6
LOT02-18587;5
LOT02-18516;5
LOT02-18512;5
LOT02-10538;5
LOT02-18438;4
LOT02-18521;5
LOT02-18502;5
LOT02-10546;5
LOT02-18471;4
LOT02-18632;6
LOT02-18641;6
LOT02-18478;4
LOT02-18476;4
LOT02-18626;6
LOT02-18560;5
LOT02-18689;6
LOT02-18584;5
LOT02-18409;4
LOT02-18407;4
LOT02-18685;6
LOT02-18563;5
LOT02-18593;5
LOT02-18670;6
LOT02-18547;5
LOT02-18546;5
LOT02-18409;4
LOT02-18527;5
LOT02-10511;5
LOT02-45522;5
LOT02-21654;6
LOT02-21558;5
LOT02-21503;5
LOT02-45526;5
LOT02-45416;4
LOT02-45517;5
LOT02-45526;5
LOT02-45523;5
LOT02-21510;5
LOT01-34951;0
LOT02-18648;6
LOT02-21188;1
LOT02-18694;6
LOT02-18692;6
LOT02-213100;3
LOT02-18591;5
LOT02-18598;5
LOT02-18639;6
LOT02-18408;4
LOT02-18405;4
LOT02-18518;5
LOT02-18565;5
LOT02-18513;5
LOT02-18593;5
LOT02-18512;5
LOT02-18625;6
LOT02-18596;5
LOT02-18626;6
LOT02-21559;5
LOT02-45518;5
LOT02-45519;5
LOT02-21177;1
LOT02-21514;5
LOT02-45427;4
LOT02-45427;4
LOT02-452140;2
LOT02-18641;6
LOT02-18583;5
LOT02-18467;4
LOT02-18632;6
LOT02-18588;5
LOT02-18408;4
LOT02-18510;5
LOT02-18591;5
LOT02-18563;5
LOT02-18403;4
LOT02-18593;5
LOT02-18694;6
LOT02-21176;1
LOT02-21655;6
LOT02-45413;4
LOT02-45414;4
LOT02-455151;5
LOT02-455114;5
LOT02-451184;1
LOT02-452185;2
LOT02-452185;2
LOT02-451184;1
LOT02-212109;2
LOT02-455152;5
LOT02-18590;5
LOT02-18694;6
LOT02-45431;4
LOT03-456103;6
LOT03-21632;6
LOT03-456134;6
LOT03-456102;6
LOT03-21690;6
LOT03-455320;5
LOT03-456102;6
LOT03-456103;6
LOT03-456134;6
LOT03-21683;6
LOT03-216239;6
LOT03-456134;6
LOT03-21632;6
LOT03-215222;5
LOT03-21562;5
LOT03-456437;6
LOT03-456391;6
LOT03-456429;6
LOT03-456399;6
LOT03-21631;6
LOT03-21631;6
LOT02-456156;6
LOT02-456156;6
LOT02-18478;4
LOT02-18593;5
LOT02-21396;3
LOT02-45521;5
LOT02-45521;5
LOT02-21516;5
LOT01-34141;0
LOT01-34142;0
LOT03-454105;4
LOT03-454105;4
LOT03-45409;4
LOT03-45425;4
LOT03-45491;4
LOT03-45409;4
LOT03-214224;4
LOT03-21493;4
LOT03-214224;4
LOT03-45491;4
LOT01-34861;0
LOT03-45411;4
LOT03-45442;4
LOT01-34272;0
LOT01-34271;0
LOT03-456129;6
LOT03-456129;6
LOT03-456129;6
LOT03-456447;6
LOT03-456436;6
LOT03-456423;6
LOT02-456133;6
LOT02-455120;5
LOT02-45580;5
LOT03-455124;5
LOT03-455124;5
LOT03-45404;4
LOT03-455124;5
LOT03-456148;6
LOT02-455169;5
LOT02-45592;5
LOT02-455168;5
LOT02-18577;5
LOT02-18633;6
LOT02-45671;6
LOT02-45570;5
LOT03-45596;5
LOT03-45426;4
LOT03-455360;5
LOT03-45426;4
LOT03-45597;5
LOT03-45597;5
LOT03-45597;5
LOT03-45441;4
LOT02-45594;5
LOT02-213121;3
LOT02-18548;5
LOT02-18689;6
LOT02-45575;5
LOT02-45575;5
LOT02-10535;5
LOT02-45693;6
LOT02-455134;5
LOT02-21444;4
LOT01-34681;0
LOT02-18592;5
LOT02-45582;5
LOT02-455155;5
LOT02-18692;6
LOT02-21564;5
LOT03-455130;5
LOT01-34301;0
LOT01-34302;0
LOT03-211245;1
LOT03-06639;6
LOT03-064109;4
LOT03-06408;4
LOT03-06434;4
LOT03-06464;4
LOT03-06464;4
LOT03-06460;4
LOT03-06460;4
LOT03-06460;4
LOT03-06460;4
LOT03-06414;4
LOT03-06435;4
LOT03-06464;4
LOT03-06423;4
LOT03-064143;4
LOT03-064143;4
LOT03-064143;4
LOT03-064143;4
LOT03-064143;4
LOT03-06407;4
LOT03-06460;4
LOT03-06489;4
LOT03-065135;5
LOT03-065135;5
LOT03-065135;5
LOT03-065135;5
LOT03-065135;5
LOT03-06494;4
LOT03-06492;4
LOT03-06464;4
LOT03-06489;4
LOT03-06464;4
LOT03-06489;4
LOT03-06489;4
LOT03-06480;4
LOT03-06465;4
LOT03-06465;4
LOT03-06465;4
LOT03-06414;4
LOT03-06489;4
LOT03-064127;4
LOT03-06173;1
LOT03-06177;1
LOT03-06407;4
LOT03-06409;4
LOT03-064115;4
LOT03-064115;4
LOT03-064115;4
LOT03-064115;4
LOT03-064122;4
LOT03-064122;4
LOT03-06544;5
LOT03-064127;4
LOT03-064127;4
LOT03-064127;4
LOT03-064133;4
LOT03-06414;4
LOT03-064133;4
LOT03-064133;4
LOT03-064133;4
LOT03-064127;4
LOT03-06413;4
LOT03-064129;4
LOT03-064129;4
LOT03-064129;4
LOT03-064129;4
LOT03-064129;4
LOT03-064129;4
LOT03-064127;4
LOT03-064133;4
LOT03-456142;6
LOT03-456142;6
LOT03-21577;5
LOT03-21577;5
LOT02-455164;5
LOT02-456163;6
LOT02-21509;5
LOT02-45451;4
LOT03-456136;6
LOT03-216248;6
LOT03-21648;6
LOT03-21648;6
LOT03-21648;6
LOT03-456419;6
LOT02-455123;5
LOT02-455123;5
LOT02-455123;5
LOT02-455123;5
LOT03-215220;5
LOT03-455117;5
LOT03-455117;5
LOT03-455117;5
LOT01-34481;0
LOT01-34482;0
LOT01-34582;0
LOT01-34581;0
LOT01-34831;0
LOT01-34812;0
LOT01-34811;0
LOT01-34371;0
LOT01-3436;0
LOT01-34361;0